{"cameraMode":{"drawMode":0,"name":"Shaded","section":"Shading Mode"},"sceneLighting":true,"audioPlay":false,"sceneViewState":{"m_AlwaysRefresh":false,"showFog":true,"showSkybox":true,"showFlares":true,"showImageEffects":true,"showParticleSystems":true,"showVisualEffectGraphs":true,"m_FxEnabled":true},"in2DMode":false,"pivot":{"x":575.6822509765625,"y":250.73020935058595,"z":1.6312437057495118},"rotation":{"x":0.12950699031352998,"y":0.3041074573993683,"z":-0.04177042469382286,"w":0.9428691267967224},"size":0.3073950409889221,"orthographic":false}